<?xml version="1.0" encoding="UTF-8" standalone="yes"?>
<addon id="plugin.video.LwSLive" name="LwS Live" version="2.0.2" provider-name="LwS-Repo">
	<requires>
		<import addon="xbmc.python" version="2.1.0" />
		<import addon="script.module.pyxbmct" version="1.1.4" />
		<import addon="script.module.urlresolver" version="2.10.11"/>
		<import addon="script.module.metahandler" version="1.0.0" />
		<import addon="plugin.video.youtube" optional="true" />
	</requires>
	<extension point="xbmc.python.pluginsource" library="default.py">
		<provides>video</provides>
	</extension>
	<extension point="xbmc.addon.metadata">
		<summary lang="en">LwS Live</summary>
		<description lang="en"></description>
		<platform>all</platform>
		<forum></forum>
		<website></website>
	</extension>
</addon>
