<?xml version="1.0" encoding="UTF-8"?>
<addon id="plugin.video.tvtime.tva" name="[COLOR lime]bonnie and clyde[/COLOR]" provider-name="bonnie" version="0.1.0">
    <requires>
        <import addon="xbmc.python" version="2.1.0" />
    </requires>
    <extension library="main.py" point="xbmc.python.pluginsource">
        <provides>video</provides>
    </extension>
    <extension point="xbmc.addon.metadata">
        <summary>bonnie</summary>
        <description>clyde</description>
        <platform>all</platform>
        <forum></forum>
        <website></website>
    </extension>
</addon>
